"STATION","NAME","LATITUDE","LONGITUDE","ELEVATION","DATE","CDSD","CDSD_ATTRIBUTES","CLDD","CLDD_ATTRIBUTES","DP01","DP01_ATTRIBUTES","DP10","DP10_ATTRIBUTES","DSND","DSND_ATTRIBUTES","DSNW","DSNW_ATTRIBUTES","DT00","DT00_ATTRIBUTES","DT32","DT32_ATTRIBUTES","DX32","DX32_ATTRIBUTES","DX70","DX70_ATTRIBUTES","DX90","DX90_ATTRIBUTES","EMNT","EMNT_ATTRIBUTES","EMSD","EMSD_ATTRIBUTES","EMSN","EMSN_ATTRIBUTES","EMXP","EMXP_ATTRIBUTES","EMXT","EMXT_ATTRIBUTES","FZF0","FZF0_ATTRIBUTES","FZF1","FZF1_ATTRIBUTES","FZF2","FZF2_ATTRIBUTES","FZF3","FZF3_ATTRIBUTES","FZF4","FZF4_ATTRIBUTES","FZF5","FZF5_ATTRIBUTES","FZF6","FZF6_ATTRIBUTES","FZF7","FZF7_ATTRIBUTES","FZF8","FZF8_ATTRIBUTES","FZF9","FZF9_ATTRIBUTES","HDSD","HDSD_ATTRIBUTES","HTDD","HTDD_ATTRIBUTES","PRCP","PRCP_ATTRIBUTES","PSUN","PSUN_ATTRIBUTES","SNOW","SNOW_ATTRIBUTES","TAVG","TAVG_ATTRIBUTES","TMAX","TMAX_ATTRIBUTES","TMIN","TMIN_ATTRIBUTES","TSUN","TSUN_ATTRIBUTES","WDFG","WDFG_ATTRIBUTES","WDFM","WDFM_ATTRIBUTES","WSFG","WSFG_ATTRIBUTES","WSFM","WSFM_ATTRIBUTES"
"USC00111577","CHICAGO MIDWAY AIRPORT 3 SW, IL US","41.7372","-87.7775","189.0","1950","707",,"707","0","128","0","74","0","62",,"21","0","12","0","136","0","58","0","142","0","13","0","-10","0,1227,","11",",0,1226,","5.6",",0,1206,","2.48",",0,0716,","93","0,0816,+","27","0,1104","27","0,1104","22","0,1110","15","0,1111","15","0,1111","30","X,0428","26","0,0415","21","0,0413","19","0,0318","15","0,0314","6329",,"6329","0","39.78",",0",,,"60.1",",0","48.3","0","57.4","0","39.2","0",,,,,,,,,,
"USC00111577","CHICAGO MIDWAY AIRPORT 3 SW, IL US","41.7372","-87.7775","189.0","1951","672",,"672","0","121","0","76","0","52",,"17","0","14","0","130","0","49","0","140","0","11","0","-15","0,0202,+","17",",0,1225,","10.0",",0,1214,","2.84",",0,0510,","92","0,0831,+","31","0,1029","14","0,1102","14","0,1102","14","0,1102","14","0,1102","31","0,0417","25","0,0326","20","0,0325","20","0,0325","16","0,0322","6684",,"6684","0","43.19",",0",,,"68.4",",0","48.4","0","57.4","0","39.4","0",,,,,,,,,,
"USC00111577","CHICAGO MIDWAY AIRPORT 3 SW, IL US","41.7372","-87.7775","189.0","1952","1074",,"1074","0","107","0","60","0","25",,"8","0","2","0","123","0","28","0","145","0","38","0","-3","0,0129,+","4",",0,1202,+","4.0",",0,0104,","1.60",",0,0809,","101","0,0628,","28","0,1006","28","0,1006","23","0,1126","17","0,1127","13","0,1128","28","0,0411","28","0,0411","21","0,0324","18","0,0307","8","0,0305","6348",,"6348","0","28.30",",0",,,"26.7",",0","51.5","0","60.7","0","42.4","0",,,,,,,,,,
"USC00111577","CHICAGO MIDWAY AIRPORT 3 SW, IL US","41.7372","-87.7775","189.0","1953","1219",,"1219","0","106","0","64","0","29",,"9","0","2","0","104","0","29","0","157","0","42","0","0","0,1218,+","4",",0,1223,+","5.4",",0,0216,","2.42",",0,0610,","104","0,0620,","28","0,1105","28","0,1105","18","0,1128","18","0,1128","14","0,1215","32","0,0421","26","0,0325","17","0,0309","17","0,0309","16","0,0305","5881",,"5881","0","30.17",",0",,,"28.4",",0","53.1","0","62.3","0","43.8","0",,,,,,,,,,
"USC00111577","CHICAGO MIDWAY AIRPORT 3 SW, IL US","41.7372","-87.7775","189.0","1954","1210",,"1210","0","125","0","76","0","16",,"10","0","2","0","111","0","24","0","152","0","36","0","-7","0,0117,","12",",0,0303,","11.5",",0,0302,","3.95",",0,1003,","100","0,0625,","29","0,1030","27","0,1101","22","0,1130","20","0,1207",,,"32","0,0504","24","0,0404","24","0,0404","19","0,0403","11","0,0306","5465",,"5465","0","45.96",",0",,,"44.3",",0","52.9","0","61.6","0","44.2","0",,,"315","X",,,"53.9","X",,
"USC00111577","CHICAGO MIDWAY AIRPORT 3 SW, IL US","41.7372","-87.7775","189.0","1955","1325",,"1325","0","118","0","67","0","37",,"13","0","8","0","120","0","46","0","166","0","46","0","-10","0,0127,","4",",0,1119,+","2.8",",0,0322,","2.03",",0,0806,","100","0,0727,","32","0,1025","24","0,1103","24","0,1103","17","0,1116","7","0,1127","31","0,0330","27","0,0329","20","0,0328","20","0,0328","11","0,0326","5606",,"5606","0","30.99",",0",,,"26.3",",0","52.1","0","61.4","0","42.9","0",,,"293","X",,,"60.8","X",,
"USC00111577","CHICAGO MIDWAY AIRPORT 3 SW, IL US","41.7372","-87.7775","189.0","1956","1040",,"1040","X","115","X","62","X","28",,"9","0","0","X","126","X","33","X","151","X","21","X","2","X,0122,","8",",X,0212,","8.3",",0,0211,","1.57",",X,0829,","103","X,0701,","30","0,1108","26","0,1109","24","0,1116","19","0,1122","15","0,1123","31","0,0424","27","0,0331","24","0,0324","19","0,0313","14","0,0228","6286",,"6286","X","22.26",",X",,,"28.5",",0","51.8","X","60.5","X","43.2","X",,,,,,,,,,
"USC00111577","CHICAGO MIDWAY AIRPORT 3 SW, IL US","41.7372","-87.7775","189.0","1957","948",,"948","0","130","0","82","0","33",,"11","0","9","0","122","0","33","0","137","0","19","0","-7","0,0116,+","7",",0,0110,","5.8",",0,0109,","6.16",",0,0712,","96","0,0617,","32","0,1026","24","0,1109","24","0,1109","20","0,1110","12","0,1130","29","0,0415","25","0,0414","21","0,0412","13","0,0303","13","0,0303","5897",,"5897","0","44.35",",0",,,"29.8",",0","50.8","0","58.8","0","42.8","0",,,"360","X",,,"60.8","X",,
"USC00111577","CHICAGO MIDWAY AIRPORT 3 SW, IL US","41.7372","-87.7775","189.0","1958","781",,"781","0","102","0","57","0","52",,"6","0","12","0","118","0","52","0","149","0","11","0","-8","0,1209,+","6",",0,1211,+","5.6",",0,1208,","2.07",",0,0608,","94","0,0830,","32","0,1106","28","0,1107","17","0,1126","17","0,1126","14","0,1127","31","0,0429","27","0,0323","23","0,0221","11","0,0220","11","0,0220","6180",,"6180","0","26.38",",0",,,"25.6",",0","49.7","0","57.9","0","41.4","0",,,"225","X",,,"50.6","X",,
"USC00111577","CHICAGO MIDWAY AIRPORT 3 SW, IL US","41.7372","-87.7775","189.0","1959","1311",,"1311","0","134","0","71","0","50",,"13","0","10","0","127","0","45","0","151","0","39","0","-10","0,0105,","8",",0,0122,","7.2",",0,1223,","4.58",",0,0625,","96","0,0908,+","29","0,1028","25","0,1106","20","0,1107","20","0,1107","6","0,1116","32","0,0422","27","0,0411","20","0,0322","20","0,0322","16","0,0317","6325",,"6325","0","38.70",",0",,,"44.3",",0","51.1","0","59.5","0","42.7","0",,,"338","X",,,"67.8","X",,
"USC00111577","CHICAGO MIDWAY AIRPORT 3 SW, IL US","41.7372","-87.7775","189.0","1960","1008",,"1008","0","126","0","58","0","65",,"11","0","3","0","133","0","64","0","149","0","17","0","-14","0,1223,","10",",0,1221,","11.0",",0,1220,","2.76",",0,0112,","100","0,0907,","30","0,1020","26","0,1107","22","0,1129","20","0,1130","16","0,1201","31","0,0418","26","0,0410","15","0,0326","15","0,0326","15","0,0326","6429",,"6429","0","27.87",",0",,,"48.8",",0","50.3","0","58.5","0","42.1","0",,,"338","X",,,"55.3","X",,
"USC00111577","CHICAGO MIDWAY AIRPORT 3 SW, IL US","41.7372","-87.7775","189.0","1961","1009",,"1009","0","132","0","76","0","42",,"12","0","7","0","121","0","36","0","136","0","16","0","-3","0,1228,","9",",0,1225,+","10.2",",0,1223,","2.55",",0,0801,","95","0,0831,+","32","0,1027","27","0,1106","24","0,1129","18","0,1207","14","0,1208","30","0,0417","28","0,0416","22","0,0402","12","0,0203","12","0,0203","6067",,"6067","0","42.94",",0",,,"44.4",",0","50.8","0","59.2","0","42.5","0",,,"225","X",,,"59.7","X",,
"USC00111577","CHICAGO MIDWAY AIRPORT 3 SW, IL US","41.7372","-87.7775","189.0","1962","1080",,"1080","0","126","0","59","0","66",,"12","0","15","0","119","0","56","0","148","0","26","0","-12","0,0110,","12",",0,0120,","6.3",",0,0106,","1.82",",0,0722,","96","0,0820,","30","0,1024","25","0,1025","23","0,1026","14","0,1209","14","0,1209","26","0,0416","26","0,0416","21","0,0316","20","0,0315","15","0,0303","6456",,"6456","0","22.25",",0",,,"46.0",",0","50.1","0","58.5","0","41.8","0",,,"315","X",,,"68.9","X",,
"USC00111577","CHICAGO MIDWAY AIRPORT 3 SW, IL US","41.7372","-87.7775","189.0","1963","1081",,"1081","0","96","0","55","0","66",,"13","0","33","0","117","0","67","0","170","0","21","0","-18","0,0123,","8",",0,0201,+","8.8",",0,0119,","2.19",",0,0716,","99","0,0701,","30","0,1102","28","0,1103","23","0,1124","20","0,1201","15","0,1203","32","0,0501","23","0,0322","23","0,0322","19","0,0302","16","0,0301","6577",,"6577","0","28.03",",0",,,"45.7",",0","50.1","0","59.5","0","40.6","0",,,"225","X",,,"57.5","X",,
"USC00111577","CHICAGO MIDWAY AIRPORT 3 SW, IL US","41.7372","-87.7775","189.0","1964","1088",,"1088","0","105","0","65","0","29",,"11","0","0","0","131","0","44","0","155","0","35","0","2","0,1218,","10",",0,1205,","7.1",",0,0329,","1.70",",0,0718,","98","0,0803,","32","0,1009","27","0,1010","22","0,1119","14","0,1120","14","0,1120","29","0,0409","26","0,0404","12","0,0330","12","0,0330","12","0,0330","5805",,"5805","0","26.97",",0",,,"41.5",",0","51.6","0","61.1","0","42.2","0",,,"248","X",,,"65.5","X",,
"USC00111577","CHICAGO MIDWAY AIRPORT 3 SW, IL US","41.7372","-87.7775","189.0","1965","778",,"778","0","120","0","80","0","44",,"14","0","9","0","114","0","43","0","138","0","10","0","-9","0,0202,+","9",",0,0226,+","6.5",",0,0224,","2.61",",0,1224,","94","0,0723,+","30","0,1029","22","0,1114","22","0,1114","18","0,1128","15","0,1227","29","0,0403","27","0,0328","13","0,0327","13","0,0327","13","0,0327","6422",,"6422","0","42.07",",0","53.8","X","51.3",",0","50.2","0","58.6","0","41.9","0","151446",",X","315","X","45","X","63.3","X","47.0","X"
"USC00111577","CHICAGO MIDWAY AIRPORT 3 SW, IL US","41.7372","-87.7775","189.0","1966","972",,"972","0","117","0","61","0","43",,"11","0","8","0","120","0","51","0","138","0","20","0","-16","0,0129,","5",",0,0202,","4.2",",0,1228,","4.71",",0,0727,","98","0,0710,","30","0,1030","28","0,1102","23","0,1103","11","0,1201","11","0,1201","29","0,0510","26","0,0331","18","0,0325","18","0,0325","3","0,0221","6191",,"6191","0","36.77",",0","55.9","X","27.4",",0","50.1","0","58.7","0","41.5","0","156288",",X","225","X","270","X","54.1","X","38.9","X"
"USC00111577","CHICAGO MIDWAY AIRPORT 3 SW, IL US","41.7372","-87.7775","189.0","1967","703",,"703","0","133","0","73","0","58",,"16","0","6","0","108","0","46","0","136","0","4","0","-10","0,1231,+","27",",0,0209,+","16.4",",0,0126,","2.94",",0,0610,","93","0,0526,","31","0,1026","28","0,1104","22","0,1115","20","0,1128","14","0,1222","31","0,0425","24","0,0319","24","0,0319","14","0,0318","14","0,0318","6186",,"6186","0","41.13",",0","50.3","X","68.7",",0","49.5","0","57.5","0","41.4","0","138930",",X","360","X","225","X","64.4","X","51.0","X"
"USC00111577","CHICAGO MIDWAY AIRPORT 3 SW, IL US","41.7372","-87.7775","189.0","1968","997",,"997","0","121","0","64","0","33",,"12","0","7","0","110","0","42","0","144","0","24","0","-11","0,0107,","4",",0,1231,+","3.8",",0,1228,","3.79",",0,0816,","96","0,0623,+","32","0,1108","27","0,1113","24","0,1205","18","0,1206","16","0,1207","29","0,0406","25","0,0323","18","0,0313","18","0,0313","14","0,0229","6073",,"6073","0","29.76",",0","52.9","X","32.8",",0","51.5","0","60.2","0","42.8","0","146346",",X","225","X","45","X","58.6","X","42.1","X"
"USC00111577","CHICAGO MIDWAY AIRPORT 3 SW, IL US","41.7372","-87.7775","189.0","1969","972",,"972","0","122","0","71","0","38",,"14","0","6","0","129","0","47","0","140","0","17","0","-10","0,0101,","10",",0,1224,","9.6",",0,1223,","3.04",",0,0717,","96","0,0626,","29","0,1023","26","0,1113","21","0,1114","20","0,1115","16","0,1120","32","0,0424","12","0,0331","12","0,0331","12","0,0331","12","0,0331","6208",,"6208","0","36.80",",0","49.5","X","40.8",",0","50.1","0","58.6","0","41.7","0","136968",",X","270","X","360","X","55.3","X","40.0","X"
"USC00111577","CHICAGO MIDWAY AIRPORT 3 SW, IL US","41.7372","-87.7775","189.0","1970","1131",,"1131","0","140","0","83","0","53",,"15","0","11","0","116","0","43","0","144","0","26","0","-12","0,0107,","9",",0,0326,+","8.9",",0,0326,","2.43",",0,1013,","99","0,0702,","31","0,1101","28","0,1115","13","0,1122","13","0,1122","13","0,1122","32","0,0407","26","0,0330","23","0,0329","17","0,0328","16","0,0315","6444",,"6444","0","46.14",",0","50.9","X","57.6",",0","50.9","0","59.4","0","42.4","0","141318",",X","293","X","315","X","66.7","X","38.9","X"
"USC00111577","CHICAGO MIDWAY AIRPORT 3 SW, IL US","41.7372","-87.7775","189.0","1971","1119",,"1119","0","117","0","56","0","40",,"11","0","10","0","120","0","34","0","157","0","35","0","-9","0,0202,","3",",0,0304,+","7.1",",0,0103,","2.18",",0,1210,","101","0,0628,+","27","0,1104","27","0,1104","23","0,1106","18","0,1107","16","0,1201","32","0,0503","27","0,0404","23","0,0403","19","0,0324","5","0,0214","6277",,"6277","0","29.62",",0","57.8","X","34.9",",0","51.8","0","60.9","0","42.6","0","159654",",X","180","X","180","X","59.7","X","42.9","X"
"USC00111577","CHICAGO MIDWAY AIRPORT 3 SW, IL US","41.7372","-87.7775","189.0","1972","864",,"864","0","149","0","79","0","64",,"21","0","15","0","129","0","45","0","128","0","17","0","-15","0,0115,","5",",0,0204,","6.5",",0,0329,","3.65",",0,0928,","96","0,0722,","32","0,1017","28","0,1019","24","0,1128","20","0,1129","16","0,1202","21","0,0409","21","0,0409","21","0,0409","20","0,0408","15","0,0310","5996",,"5996","0","41.24",",0","56.2","X","62.0",",0","48.6","0","56.7","0","40.4","0","158382",",X","270","X","225","X","58.6","X","40.0","X"
"USC00111577","CHICAGO MIDWAY AIRPORT 3 SW, IL US","41.7372","-87.7775","189.0","1973","1121",,"1121","0","146","0","87","0","27",,"15","0","2","0","95","0","33","0","146","0","29","0","-2","0,1222,","9",",0,1221,+","8.3",",0,1219,","1.65",",0,0430,","97","0,0827,+","24","0,1105","24","0,1105","24","0,1105","20","0,1109","10","0,1210","32","0,0417","25","0,0411","24","0,0318","20","0,0222","8","0,0217","6149",,"6149","0","38.02",",0","52.2","X","42.4",",0","52.4","0","60.6","0","44.2","0","144372",",X","135","X","135","X","52.8","X","42.1","X"
"USC00111577","CHICAGO MIDWAY AIRPORT 3 SW, IL US","41.7372","-87.7775","189.0","1974","749",,"749","0","142","0","88","0","43",,"15","0","4","0","118","0","37","0","135","0","13","0","-9","0,0112,","7",",0,1221,+","4.7",",0,0224,","2.03",",0,0702,","99","0,0714,+","32","0,1001","28","0,1002","23","0,1125","17","0,1208","12","0,1209","32","0,0507","26","0,0409","12","0,0325","12","0,0325","12","0,0325","6016",,"6016","0","37.56",",0","52.5","X","53.8",",0","50.1","0","58.6","0","41.5","0","145614",",X",,,"270","X",,,"40.9","X"
"USC00111577","CHICAGO MIDWAY AIRPORT 3 SW, IL US","41.7372","-87.7775","189.0","1975","1096",,"1096","0","145","0","81","0","34",,"14","0","3","0","126","0","38","0","148","0","26","0","-6","0,0209,","10",",0,0403,","9.4",",0,0402,","3.83",",0,0418,","94","0,0811,+","30","0,1113","24","0,1114","24","0,1114","20","0,1123","15","0,1201","29","0,0413","28","0,0412","19","0,0405","19","0,0405","16","0,0404","6294",,"6294","0","42.09",",0","55.9","X","53.7",",0","51.4","0","59.7","0","43.0","0","156558",",X","180","X","180","X","57.5","X","42.9","X"
"USC00111577","CHICAGO MIDWAY AIRPORT 3 SW, IL US","41.7372","-87.7775","189.0","1976","878",,"878","0","110","0","61","0","56",,"13","0","11","0","129","0","49","0","143","0","16","0","-11","0,0202,","8",",0,0202,+","4.8",",0,0113,","4.64",",0,0613,","100","0,0710,","32","0,1017","26","0,1022","23","0,1107","17","0,1108","13","0,1127","32","0,0412","23","0,0322","23","0,0322","17","0,0317","5","0,0207","5650",,"5650","0","33.98",",0","62.7","X","36.2",",0","49.3","0","58.8","0","39.8","0","171636",",X","225","X","90","X","59.7","X","40.0","X"
"USC00111577","CHICAGO MIDWAY AIRPORT 3 SW, IL US","41.7372","-87.7775","189.0","1977","1185",,"1185","0","134","0","74","0","72",,"21","0","26","0","115","0","59","0","158","0","33","0","-19","0,0116,","9",",0,0110,","6.9",",0,1208,","2.92",",0,0901,","99","0,0715,","31","0,1110","28","0,1111","23","0,1121","20","0,1122","10","0,1125","31","0,0510","25","0,0406","22","0,0319","19","0,0302","10","0,0221","6903",,"6903","0","41.31",",0","54.0","X","64.5",",0","50.7","0","59.5","0","41.8","0","150840",",X","180","X","180","X","55.3","X","47.0","X"
"USC00111577","CHICAGO MIDWAY AIRPORT 3 SW, IL US","41.7372","-87.7775","189.0","1978","955",,"955","0","142","0","77","0","104",,"23","0","15","0","133","0","70","0","140","0","13","0","-8","0,1210,","19",",0,0207,","9.3",",0,0206,","3.03",",0,0720,","95","0,0908,","32","0,1017","28","0,1115","24","0,1125","19","0,1128","15","0,1130","30","0,0502","27","0,0325","19","0,0318","19","0,0318","16","0,0309","7165",,"7165","0","33.55",",0","52.3","X","95.4",",0","48.1","0","56.8","0","39.4","0","144228",",X","225","X","135","X","57.5","X","36.0","X"
"USC00111577","CHICAGO MIDWAY AIRPORT 3 SW, IL US","41.7372","-87.7775","189.0","1979","790",,"790","0","127","0","75","0","67",,"15","0","22","0","131","0","58","0","138","0","2","0","-19","0,0115,","29",",0,0114,","16.5",",0,0113,","2.60",",0,0817,","92","0,0807,","32","0,1014","26","0,1110","21","0,1111","15","0,1202","15","0,1202","32","0,0501","27","0,0410","16","0,0406","16","0,0406","16","0,0406","7123",,"7123","0","38.08",",0","56.5","X","57.0",",0","48.0","0","56.3","0","39.8","0","155934",",X",,,"270","X",,,"57.9","X"
"USC00111577","CHICAGO MIDWAY AIRPORT 3 SW, IL US","41.7372","-87.7775","189.0","1981","725",,"725","0","118","0","75","0","54",,"10","0","8","0","129","0","43","0","142","0","6","0","-10","0,0212,","9",",0,0212,+","8.2",",0,0210,","2.77",",0,0613,","95","0,0712,","32","0,1003","25","0,1023","20","0,1024","20","0,1024","15","0,1215","28","0,0512","28","0,0512","24","0,0325","20","0,0314","16","0,0303",,,,,"36.99",",0",,,"30.0",",0","49.8","0","59.6","0","40.1","0",,,,,,,,,,
"USC00111577","CHICAGO MIDWAY AIRPORT 3 SW, IL US","41.7372","-87.7775","189.0","1982","801",,"801","0","136","0","80","0","72",,"13","0","17","0","125","0","49","0","143","0","9","0","-22","0,0110,","11",",0,0205,","9.8",",0,0405,","2.78",",0,1202,","95","0,0803,","28","0,1022","28","0,1022","23","0,1113","16","0,1115","16","0,1115","32","0,0428","26","0,0411","22","0,0408","10","0,0407","10","0,0407","6787",,"6787","0","46.24",",0",,,"51.0",",0","49.4","0","59.3","0","39.6","0",,,,,,,,,,
"USC00111577","CHICAGO MIDWAY AIRPORT 3 SW, IL US","41.7372","-87.7775","189.0","1983","1216",,"1216","0","138","0","69","0","43",,"13","0","9","0","116","0","45","0","139","0","47","0","-20","0,1224,","8",",0,0321,","6.3",",0,0320,","2.88",",0,0627,","100","0,0728,+","30","0,1105","24","0,1112","24","0,1112","19","0,1130","15","0,1207","31","0,0509","27","0,0420","24","0,0419","19","0,0325","15","0,0323","5785",,"5785","0","47.31",",0",,,"37.2",",0","51.0","0","59.8","0","42.0","0",,,,,,,,,,
"USC00111577","CHICAGO MIDWAY AIRPORT 3 SW, IL US","41.7372","-87.7775","189.0","1984","982",,"982","0","129","0","77","0","65",,"17","0","4","0","117","0","42","0","139","0","23","0","-17","0,0121,","9",",0,0130,+","4.6",",0,0227,","2.13",",0,0809,","98","0,0710,","31","0,1024","24","0,1102","24","0,1102","19","0,1203","13","0,1204","28","0,0407","28","0,0407","23","0,0313","16","0,0312","16","0,0312","6662",,"6662","0","40.37",",0",,,"39.8",",0","50.7","0","59.8","0","41.5","0",,,,,,,,,,
"USC00111577","CHICAGO MIDWAY AIRPORT 3 SW, IL US","41.7372","-87.7775","189.0","1985","931",,"931","0","133","0","74","0","60",,"11","0","15","0","114","0","63","0","145","0","12","0","-25","0,0120,","17",",0,0214,+","5.7",",0,0211,","3.18",",0,1018,","97","0,0608,","31","0,1117","27","0,1119","20","0,1120","20","0,1120","16","0,1121","31","0,0410","25","0,0409","23","0,0318","16","0,0219","16","0,0219","6017",,"6017","0","40.59",",0",,,"35.1",",0","49.8","0","58.2","0","41.4","0",,,,,,,,,,
"USC00111577","CHICAGO MIDWAY AIRPORT 3 SW, IL US","41.7372","-87.7775","189.0","1986","950",,"950","0","118","0","67","0","34",,"11","0","5","0","115","0","32","0","145","0","17","0","-4","0,0127,","6",",0,0216,","5.1",",0,0319,","2.72",",0,0926,","97","0,0719,","30","0,1102","28","0,1109","24","0,1110","10","0,1112","10","0,1112","32","0,0423","28","0,0422","14","0,0321","14","0,0321","14","0,0321","6107",,"6107","0","35.51",",0",,,"28.5",",0","51.4","0","59.8","0","43.0","0",,,,,,,,,,
"USC00111577","CHICAGO MIDWAY AIRPORT 3 SW, IL US","41.7372","-87.7775","189.0","1987","1215",,"1215","0","115","0","66","0","41",,"8","0","2","0","107","0","21","0","147","0","33","0","-4","0,0124,","10",",0,0110,","8.6",",0,0109,","3.90",",0,0826,","99","0,0614,","31","0,1008","23","0,1120","23","0,1120","18","0,1121","16","0,1217","29","0,0409","27","0,0404","22","0,0403","20","0,0310","10","0,0127","5542",,"5542","0","36.70",",0",,,"38.8",",0","53.3","0","61.8","0","44.8","0",,,,,,,,,,
"USC00111577","CHICAGO MIDWAY AIRPORT 3 SW, IL US","41.7372","-87.7775","189.0","1988","1384",,"1384","0","97","0","59","0","54",,"10","0","10","0","119","0","47","0","147","0","48","0","-12","0,0106,","12",",0,0211,","6.6",",0,1226,+","1.68",",0,1109,+","104","0,0625,","31","0,1013","28","0,1029","21","0,1201","17","0,1209","11","0,1210","32","0,0419","28","0,0322","23","0,0320","18","0,0315","14","0,0225","6113",,"6113","0","31.90",",0",,,"38.5",",0","51.8","0","61.1","0","42.5","0",,,,,,,,,,
"USC00111577","CHICAGO MIDWAY AIRPORT 3 SW, IL US","41.7372","-87.7775","189.0","1989","962",,"962","0","115","0","53","0","64",,"13","0","10","0","117","0","54","0","149","0","13","0","-13","0,1221,","8",",0,0221,+","3.7",",0,0213,+","2.08",",0,0901,","101","0,0710,","32","0,1102","24","0,1103","24","0,1103","17","0,1116","15","0,1117","30","0,0413","22","0,0410","22","0,0410","19","0,0319","12","0,0301","5944",,"5944","0","29.61",",0",,,"34.5",",0","50.2","0","58.6","0","41.8","0",,,,,,,,,,
"USC00111577","CHICAGO MIDWAY AIRPORT 3 SW, IL US","41.7372","-87.7775","189.0","1990","1092",,"1092","0","117","0","77","0","30",,"7","0","1","0","104","0","18","0","148","0","13","0","-5","0,1226,","8",",0,0214,","7.7",",0,0214,","3.69",",0,0719,","100","0,0704,","32","0,1019","27","0,1108","18","0,1204","18","0,1204","6","0,1222","30","0,0418","27","0,0412","24","0,0407","16","0,0228","16","0,0228","5842",,"5842","0","49.46",",0",,,"21.9",",0","53.6","0","62.1","0","45.1","0",,,,,,,,,,
"USC00111577","CHICAGO MIDWAY AIRPORT 3 SW, IL US","41.7372","-87.7775","189.0","1991","1473",,"1473","0","109","0","70","0","50",,"7","0","1","0","110","0","37","0","156","0","37","0","-1","0,0122,","8",",0,0113,+","5.9",",0,0312,","2.65",",0,0525,","102","0,0802,+","32","0,1016","18","0,1102","18","0,1102","18","0,1102","15","0,1103","32","0,0402","28","0,0329","24","0,0308","20","0,0227","15","0,0226","5295",,"5295","0","38.22",",0",,,"30.8",",0","53.6","0","62.1","0","45.2","0",,,,,,,,,,
"USC00111577","CHICAGO MIDWAY AIRPORT 3 SW, IL US","41.7372","-87.7775","189.0","1992","698",,"698","0","124","0","69","0","28",,"8","0","3","0","103","0","19","0","136","0","9","0","-7","0,0116,","5",",0,0115,","3.9",",0,0321,","3.25",",0,0909,","93","0,0809,","32","0,1017","28","0,1019","20","0,1204","20","0,1204","16","0,1205","32","0,0428","26","0,0402","21","0,0323","18","0,0313","16","0,0312","5805",,"5805","0","31.24",",0",,,"24.0",",0","51.2","0","59.0","0","43.3","0",,,,,,,,,,
"USC00111577","CHICAGO MIDWAY AIRPORT 3 SW, IL US","41.7372","-87.7775","189.0","1993","941",,"941","0","136","0","89","0","46",,"15","0","1","0","115","0","44","0","134","0","15","0","-3","0,0224,","8",",0,0110,","4.6",",0,0313,","3.11",",0,0607,","95","0,0826,","32","0,1010","28","0,1101","20","0,1107","20","0,1107","14","0,1224","31","0,0417","28","0,0403","19","0,0318","19","0,0318","15","0,0315","6062",,"6062","0","49.66",",0",,,"43.1",",0","50.5","0","58.3","0","42.6","0",,,,,,,,,,
"USC00111577","CHICAGO MIDWAY AIRPORT 3 SW, IL US","41.7372","-87.7775","189.0","1994","911",,"911","0","115","0","63","0","57",,"12","0","13","0","102","0","43","0","137","0","19","0","-20","0,0118,","17",",0,0226,","7.2",",0,0223,","2.63",",0,1031,","96","0,0705,","30","0,1119","25","0,1122","23","0,1130","16","0,1211","16","0,1211","26","0,0407","26","0,0407","22","0,0317","20","0,0303","5","0,0227","6417",,"6417","0","31.36",",0",,,"41.5",",0","51.2","0","59.7","0","42.7","0",,,,,,,,,,
"USC00111577","CHICAGO MIDWAY AIRPORT 3 SW, IL US","41.7372","-87.7775","189.0","1995","1400",,"1400","0","115","0","68","0","38",,"10","0","3","0","115","0","46","0","145","0","39","0","-2","0,1209,","6",",0,0109,","4.3",",0,0122,","3.49",",0,1110,","106","0,0713,","31","0,1102","27","0,1103","22","0,1104","20","0,1109","6","0,1208","32","0,0410","23","0,0405","23","0,0405","17","0,0309","14","0,0303","5588",,"5588","0","33.76",",0",,,"25.6",",0","51.8","0","59.8","0","43.8","0",,,,,,,,,,
"USC00111577","CHICAGO MIDWAY AIRPORT 3 SW, IL US","41.7372","-87.7775","189.0","1996","895",,"895","0","116","0","68","0","23",,"8","0","6","0","128","0","46","0","127","0","15","0","-17","0,0203,","8",",0,0307,","5.3",",0,0111,","5.72",",0,0717,","94","0,0807,+","31","0,1030","27","0,1031","23","0,1102","18","0,1112","16","0,1126","31","0,0410","25","0,0408","15","0,0327","15","0,0327","15","0,0327","6528",,"6528","0","40.41",",0",,,"28.6",",0","49.5","0","57.8","0","41.3","0",,,,,,,,,,
"USC00111577","CHICAGO MIDWAY AIRPORT 3 SW, IL US","41.7372","-87.7775","189.0","1997","860",,"860","0","121","0","72","0","49",,"14","0","8","0","125","0","42","0","131","0","17","0","-8","0,0117,","9",",0,0115,","5.8",",0,0109,","3.25",",0,0221,","99","0,0726,","29","0,1027","28","0,1028","20","0,1112","20","0,1112","16","0,1124","30","0,0418","25","0,0410","22","0,0409","12","0,0316","12","0,0316","6478",,"6478","0","33.71",",0",,,"42.8",",0","50.0","0","58.0","0","42.0","0",,,,,,,,,,
"USC00111577","CHICAGO MIDWAY AIRPORT 3 SW, IL US","41.7372","-87.7775","189.0","1998","1224",,"1224","0","127","0","79","0","39",,"5","0","0","0","83","0","24","0","150","0","18","0","2","0,1230,+","11",",0,0309,","10.9",",0,0309,","3.51",",0,0907,","97","0,0625,","32","0,1106","28","0,1120","12","0,1221","12","0,1221","12","0,1221","31","0,0405","26","0,0322","22","0,0315","17","0,0313","8","0,0312","5420",,"5420","0","43.73",",0",,,"24.5",",0","54.9","0","62.7","0","47.1","0",,,,,,,,,,
"USC00111577","CHICAGO MIDWAY AIRPORT 3 SW, IL US","41.7372","-87.7775","189.0","1999","1241",,"1241","0","115","0","70","0","45",,"14","0","6","0","97","0","31","0","155","0","29","0","-15","0,0105,","21",",0,0103,","17.6",",0,0102,","1.88",",0,0601,","104","0,0730,","30","0,1024","28","0,1128","24","0,1130","14","0,1218","14","0,1218","30","0,0327","28","0,0322","22","0,0312","19","0,0308","16","0,0213","5146",,"5146","0","37.49",",0",,,"56.1",",0","53.7","0","62.3","0","45.2","0",,,,,,,,,,
"USC00111577","CHICAGO MIDWAY AIRPORT 3 SW, IL US","41.7372","-87.7775","189.0","2000","1021",,"1021","0","128","0","79","0","59",,"16","0","10","0","111","0","49","0","156","0","12","0","-7","0,1222,","20",",0,1230,","14.5",",0,1211,","4.16",",0,0911,","94","0,0901,+","31","0,1007","24","0,1115","24","0,1115","20","0,1120","16","0,1121","30","0,0412","27","0,0318","23","0,0312","18","0,0212","16","0,0205","5157",,"5157","0","41.16",",0",,,"68.0",",0","52.0","0","60.3","0","43.7","0",,,,,,,,,,
"USC00111577","CHICAGO MIDWAY AIRPORT 3 SW, IL US","41.7372","-87.7775","189.0","2001","1082",,"1082","0","132","0","84","0","43",,"3","0","1","0","105","0","39","0","130","0","23","0","0","0,0202,","16",",0,0101,","5.4",",0,0316,","3.58",",0,0802,","97","0,0722,","32","0,1007","26","0,1209","22","0,1223","16","0,1224","16","0,1224","31","0,0418","28","0,0328","17","0,0326","17","0,0326","13","0,0228","6192",,"6192","0","39.97",",0",,,"13.6",",0","52.8","0","60.9","0","44.8","0",,,,,,,,,,
"USC00111577","CHICAGO MIDWAY AIRPORT 3 SW, IL US","41.7372","-87.7775","189.0","2002","1347",,"1347","0","110","0","68","0","48",,"14","0","1","0","109","0","27","0","140","0","32","0","-4","0,0304,","9",",0,0131,","8.2",",0,0302,","2.61",",0,0511,","98","0,0721,","26","0,1101","26","0,1101","22","0,1125","16","0,1127","16","0,1127","26","0,0406","26","0,0406","24","0,0327","15","0,0322","15","0,0322","5316",,"5316","0","33.06",",0",,,"45.0",",0","52.6","0","60.6","0","44.6","0",,,,,,,,,,
"USC00111577","CHICAGO MIDWAY AIRPORT 3 SW, IL US","41.7372","-87.7775","189.0","2003","840",,"840","0","123","0","70","0","37",,"9","0","2","0","114","0","52","0","135","0","12","0","-3","0,0123,","6",",0,0305,","3.7",",0,0304,","2.23",",0,1118,","97","0,0821,","32","0,1002","28","0,1107","24","0,1108","15","0,1211","15","0,1211","29","0,0410","27","0,0405","18","0,0311","18","0,0311","5","0,0310","6336",,"6336","0","36.82",",0",,,"25.0",",0","50.4","0","58.5","0","42.2","0",,,,,,,,,,
"USC00111577","CHICAGO MIDWAY AIRPORT 3 SW, IL US","41.7372","-87.7775","189.0","2004","806",,"806","0","128","0","69","0","46",,"6","0","4","0","100","0","41","0","145","0","4","0","-6","0,0130,","8",",0,0208,+","6.1",",0,0104,","1.60",",0,0530,","92","0,0722,+","31","0,1017","23","0,1125","23","0,1125","20","0,1213","16","0,1214","31","0,0414","21","0,0322","21","0,0322","17","0,0312","15","0,0216","5764",,"5764","0","35.74",",0",,,"25.7",",0","51.6","0","59.5","0","43.6","0",,,,,,,,,,
"USC00111577","CHICAGO MIDWAY AIRPORT 3 SW, IL US","41.7372","-87.7775","189.0","2005","1378",,"1378","0","117","0","59","0","55",,"16","0","2","0","110","0","43","0","157","0","35","0","0","0,1219,+","14",",0,0122,","10.2",",0,1208,","0.96",",0,0113,","104","0,0724,","31","0,1110","21","0,1116","21","0,1116","15","0,1117","15","0,1117","32","0,0328","27","0,0324","22","0,0315","16","0,0313","16","0,0313","5614",,"5614","0","24.61",",0",,,"54.6",",0","52.7","0","60.8","0","44.6","0",,,,,,,,,,
"USC00111577","CHICAGO MIDWAY AIRPORT 3 SW, IL US","41.7372","-87.7775","189.0","2006","1045",,"1045","0","128","0","79","0","22",,"5","0","1","0","92","0","15","0","144","0","16","0","-6","0,0218,","4",",0,0120,","3.6",",0,0120,","3.80",",0,1002,","99","0,0801,+","32","0,1012","26","0,1102","23","0,1103","20","0,1201","13","0,1203","30","0,0409","25","0,0322","24","0,0303","17","0,0226","14","0,0220","5515",,"5515","0","47.58",",0",,,"16.3",",0","53.4","0","61.0","0","45.7","0",,,,,,,,,,
"USC00111577","CHICAGO MIDWAY AIRPORT 3 SW, IL US","41.7372","-87.7775","189.0","2007","1230",,"1230","0","129","0","80","0","53",,"16","0","7","0","114","0","51","0","159","0","21","0","-9","0,0205,","12",",0,0214,","9.7",",0,0213,","2.49",",0,0823,","94","0,0709,","31","0,1107","28","0,1115","22","0,1123","19","0,1129","12","0,1205","31","0,0415","27","0,0408","22","0,0407","19","0,0308","15","0,0306","5595",,"5595","0","39.77",",0",,,"50.0",",0","52.2","0","60.2","0","44.3","0",,,,,,,,,,
"USC00111577","CHICAGO MIDWAY AIRPORT 3 SW, IL US","41.7372","-87.7775","189.0","2008","936",,"936","0","140","0","79","0","61",,"19","0","9","0","124","0","50","0","147","0","10","0","-5","0,1221,","9",",0,0204,+","4.8",",0,0131,","3.62",",0,0913,","95","0,0902,","32","0,1028","27","0,1110","22","0,1118","17","0,1121","14","0,1204","30","0,0402","28","0,0324","23","0,0311","16","0,0308","16","0,0308","6147",,"6147","0","48.49",",0",,,"57.9",",0","49.8","0","58.1","0","41.6","0",,,,,,,,,,
"USC00111577","CHICAGO MIDWAY AIRPORT 3 SW, IL US","41.7372","-87.7775","189.0","2009","696",,"696","0","139","0","86","0","56",,"17","0","2","0","102","0","56","0","130","0","7","0","-18","0,0116,","10",",0,0114,","5.2",",0,0110,","2.02",",0,0308,","93","0,0625,+","29","0,1011","26","0,1203","24","0,1204","10","0,1209","10","0,1209","32","0,0412","28","0,0330","22","0,0313","16","0,0312","16","0,0312","6325",,"6325","0","46.12",",0",,,"46.0",",0","49.9","0","57.7","0","42.1","0",,,,,,,,,,
"USC00111577","CHICAGO MIDWAY AIRPORT 3 SW, IL US","41.7372","-87.7775","189.0","2010","1239",,"1239","0","124","0","78","0","79",,"15","0","1","0","110","0","57","0","159","0","24","0","0","0,0110,","9",",0,0209,","8.8",",0,0209,","4.77",",0,0724,","95","0,0723,","31","0,1105","26","0,1106","22","0,1125","19","0,1126","12","0,1205","32","0,0409","28","0,0326","23","0,0306","18","0,0226","14","0,0215","5787",,"5787","0","44.77",",0",,,"43.2",",0","52.4","0","60.4","0","44.5","0",,,,,,,,,,
"USC00111577","CHICAGO MIDWAY AIRPORT 3 SW, IL US","41.7372","-87.7775","189.0","2011","1172",,"1172","K","144","K","88","K","40",,"6","K","3","K","104","K","41","K","130","K","26","K","-6","K,0210,","22",",K,0202,","11.9",",K,0201,","2.58",",K,0609,","101","K,0721,","32","K,1110","26","K,1117","24","K,1208","17","K,1209","12","K,1210","31","K,0401","26","K,0331","24","K,0328","10","K,0211","10","K,0211","6214",,"6214","K","46.65",",K",,,"40.7",",K","51.9","K","59.6","K","44.2","K",,,,,,,,,,
"USC00111577","CHICAGO MIDWAY AIRPORT 3 SW, IL US","41.7372","-87.7775","189.0","2012","1454",,"1454","7","112","7","65","7",,,,,"0","7","88","7","14","7","156","7","47","7","6","7,0120,+",,,,,"3.08",",7,0826,","105","7,0706,","30","7,1106","24","7,1113","24","7,1113","19","7,1127","15","7,1230","31","K,0411","28","K,0310","20","K,0305","20","K,0305","15","K,0212","4866",,"4866","7","31.55",",7",,,,,"55.4","7","64.1","7","46.7","7",,,,,,,,,,
"USC00111577","CHICAGO MIDWAY AIRPORT 3 SW, IL US","41.7372","-87.7775","189.0","2013","1049",,"1049","7","140","7","71","7","43",,"12","7","4","7","135","7","49","7","144","7","18","7","-3","7,1212,","10",",7,0305,","9.4",",7,0305,","2.73",",7,0417,","97","7,0719,","31","7,1022","28","7,1108","22","7,1112","19","7,1113","15","7,1123","32","7,0421","25","7,0403","24","7,0402","19","7,0322","14","7,0321","5966",,"5966","7","42.35",",7",,,"41.2",",7","50.2","7","58.7","7","41.7","7",,,,,,,,,,
"USC00111577","CHICAGO MIDWAY AIRPORT 3 SW, IL US","41.7372","-87.7775","189.0","2014","1036",,"1036","7","140","7","82","7","72",,"19","7","13","7","119","7","63","7","143","7","8","7","-15","7,0106,","14",",7,0217,","6.8",",7,0102,","4.53",",7,0822,","93","7,0617,+","29","7,1102","27","7,1112","24","7,1114","13","7,1117","13","7,1117","31","7,0416","27","7,0415","17","7,0326","17","7,0326","14","7,0313","6881",,"6881","7","52.03",",7",,,"75.4",",7","49.5","7","57.7","7","41.3","7",,,,,,,,,,
"USC00111577","CHICAGO MIDWAY AIRPORT 3 SW, IL US","41.7372","-87.7775","189.0","2015","1120",,"1120","7","128","7","87","7","64",,"15","7","10","7","93","7","42","7","151","7","18","7","-7","7,0108,","17",",7,0203,+","17.2",",7,0201,","3.87",",7,0918,","95","7,0802,","31","7,1114","21","7,1121","21","7,1121","13","7,1122","13","7,1122","31","7,0404","28","7,0329","21","7,0328","6","7,0306","6","7,0306","6145",,"6145","7","46.02",",7",,,"57.5",",7","52.8","7","60.9","7","44.7","7",,,,,,,,,,
"USC00111577","CHICAGO MIDWAY AIRPORT 3 SW, IL US","41.7372","-87.7775","189.0","2016","1426",,"1426","7","126","7","73","7","42",,"9","7","3","7","94","7","35","7","161","7","26","7","-6","7,1219,","5",",7,1220,+","5.5",",7,1204,","2.00",",7,0812,","94","7,0907,+","29","7,1119","25","7,1120","24","7,1121","18","7,1208","14","7,1212","24","7,0409","24","7,0409","24","7,0409","14","7,0302","14","7,0302","4942",,"4942","7","42.00",",7",,,"31.8",",7","54.4","7","62.1","7","46.8","7",,,,,,,,,,
"USC00111577","CHICAGO MIDWAY AIRPORT 3 SW, IL US","41.7372","-87.7775","189.0","2017","1120",,"1120","7","123","7","79","7","13",,"4","7","4","7","88","7","29","7","161","7","17","7","-3","7,1227,","5",",7,0314,","6.3",",7,0314,","5.11",",7,1014,","95","7,0923,+","29","7,1108","22","7,1109","22","7,1109","20","7,1110","4","7,1225","32","7,0323","19","7,0316","19","7,0316","19","7,0316","14","7,0209","5019",,"5019","7","45.67",",7",,,"16.2",",7","53.7","7","61.7","7","45.6","7",,,,,,,,,,
"USC00111577","CHICAGO MIDWAY AIRPORT 3 SW, IL US","41.7372","-87.7775","189.0","2018","1371",,"1371","7","154","7","89","7","38",,"14","7","5","7","123","7","31","7","142","7","29","7","-10","7,0102,","14",",7,0211,","7.3",",7,0209,","2.70",",7,0621,","96","7,0827,+","32","7,1020","28","7,1021","20","7,1109","20","7,1109",,,"32","7,0418","28","7,0416","23","7,0408","20","7,0218","4","7,0212","5938",,"5938","7","44.11",",7",,,"43.3",",7","51.9","7","59.8","7","44.0","7",,,,,,,,,,
"USC00111577","CHICAGO MIDWAY AIRPORT 3 SW, IL US","41.7372","-87.7775","189.0","2019",,,,,,,,,,,,,,,,,,,,,,,,,,,,,,,,,,,,,,,,,,,,,,,,,,,,,"6243",,"6243","H",,,,,,,,,,,,,,,,,,,,,,
